"709","2","25","1010","50","50","50","-45","null","2018-06-10 19:04:47"
"710","2","25","1010","50","50","50","-61","null","2018-06-10 19:12:22"
"711","2","25","1010","50","50","50","-46","null","2018-06-10 19:12:27"
"712","2","25","1010","50","50","50","-46","null","2018-06-10 19:12:38"
"713","2","25","1010","50","50","50","-43","null","2018-06-10 19:12:50"
"714","2","25","1010","50","50","50","-61","null","2018-06-10 19:13:01"
"715","2","25","1010","50","50","50","-47","null","2018-06-10 19:13:07"
"716","2","25","1010","50","50","50","-60","null","2018-06-10 19:13:13"
"717","2","25","1010","50","50","50","-46","null","2018-06-10 19:13:19"
"718","2","25","1010","50","50","50","-60","null","2018-06-10 19:13:24"
"719","2","25","1010","50","50","50","-59","null","2018-06-10 19:13:38"
"720","2","25","1010","50","50","50","-60","null","2018-06-10 19:13:40"
"721","2","25","1010","50","50","50","-60","null","2018-06-10 19:13:45"
"722","2","25","1010","50","50","50","-44","null","2018-06-10 19:13:51"
"723","2","25","1010","50","50","50","-60","null","2018-06-10 19:13:56"
"724","2","25","1010","50","50","50","-47","null","2018-06-10 19:14:05"
"725","2","25","1010","50","50","50","-47","null","2018-06-10 19:14:10"
"726","2","25","1010","50","50","50","-59","null","2018-06-10 19:14:15"
"727","2","25","1010","50","50","50","-59","null","2018-06-10 19:14:20"
"728","2","25","1010","50","50","50","-47","null","2018-06-10 19:14:25"
"729","2","25","1010","50","50","50","-49","null","2018-06-10 19:19:04"
"730","2","25","1010","50","50","50","-46","null","2018-06-10 19:19:08"
"731","2","25","1010","51","51","51","-68","null","2018-06-10 19:19:13"
"732","2","25","1010","51","51","51","-55","null","2018-06-10 19:19:19"
"733","2","25","1010","51","51","51","-43","null","2018-06-10 19:19:23"
"734","2","25","1010","51","51","51","-68","null","2018-06-10 19:19:28"
"735","2","25","1010","51","51","51","-57","null","2018-06-10 19:20:02"
"736","2","25","1010","51","51","51","-68","null","2018-06-10 19:20:07"
"737","2","25","1010","51","3","0","-60","null","2018-06-10 19:20:42"
"738","2","25","1010","51","3","0","-54","null","2018-06-10 19:20:55"
"739","2","25","1010","51","3","0","-66","null","2018-06-10 19:20:59"
"740","2","25","1010","51","3","0","-58","null","2018-06-10 19:21:04"
"741","2","25","1010","51","3","0","-68","null","2018-06-10 19:21:09"
"742","2","25","1010","51","3","0","-68","null","2018-06-10 19:21:14"
"743","2","24","1010","51","3","0","-45","null","2018-06-10 19:35:49"
"744","2","24","1010","51","3","0","-64","null","2018-06-10 19:36:48"
"745","2","24","1010","51","3","0","-55","null","2018-06-10 19:37:48"
"746","2","24","1010","51","3","0","-65","null","2018-06-10 19:45:50"
"747","2","24","1009","54","3","0","-68","null","2018-06-11 14:20:06"
"748","2","24","1009","54","3","0","-48","null","2018-06-11 14:20:15"
"749","2","24","1009","54","3","0","-65","null","2018-06-11 14:20:20"
"750","2","24","1009","54","3","0","-43","null","2018-06-11 14:20:25"
"751","2","24","1009","54","3","0","-64","null","2018-06-11 14:20:30"
"752","2","24","1009","54","3","0","-57","null","2018-06-11 14:20:36"
"753","2","24","1009","54","3","0","-46","null","2018-06-11 14:20:40"
"754","2","24","1010","54","3","0","-62","null","2018-06-11 14:20:55"
"755","2","24","1010","54","3","0","-58","null","2018-06-11 14:21:00"
"756","2","24","1010","54","3","0","-47","null","2018-06-11 14:21:05"
"757","2","24","1010","54","3","0","-44","null","2018-06-11 14:21:31"
"758","2","24","1009","54","3","0","-56","null","2018-06-11 14:22:28"
"759","2","25","1009","54","3","0","-74","null","2018-06-11 14:45:29"
"760","2","25","1009","54","3","0","-78","null","2018-06-11 14:45:33"
"761","2","25","1009","54","3","0","-76","null","2018-06-11 14:45:38"
"762","2","25","1009","54","3","0","-82","null","2018-06-11 14:45:43"
"763","2","25","1009","54","3","0","-71","null","2018-06-11 14:45:48"
"764","2","25","1009","54","3","0","-83","null","2018-06-11 14:45:54"
"765","2","25","1009","53","3","0","-60","null","2018-06-11 16:26:48"
"766","2","25","1009","53","3","0","-61","null","2018-06-11 16:26:52"
"767","2","25","1009","53","3","0","-52","null","2018-06-11 16:26:57"
"768","2","25","1009","53","3","0","-62","null","2018-06-11 16:27:07"
"769","2","25","1009","53","3","0","-52","null","2018-06-11 16:27:14"
"770","2","25","1009","53","3","0","-65","null","2018-06-11 16:37:23"
"771","2","25","1009","51","3","0","-79","null","2018-06-11 18:13:03"
"772","2","25","1009","51","3","0","-73","null","2018-06-11 18:13:04"
"773","2","25","1009","51","3","0","-76","null","2018-06-11 18:13:09"
"774","2","25","1009","51","3","0","-73","null","2018-06-11 18:13:16"
"775","2","25","1009","50","3","0","-74","null","2018-06-11 18:13:21"
"776","2","25","1009","50","3","0","-73","null","2018-06-11 18:13:26"
"777","2","25","1009","50","3","0","-76","null","2018-06-11 18:13:31"
"778","2","25","1009","50","3","0","-74","null","2018-06-11 18:13:36"
"779","2","25","1009","50","3","0","-76","null","2018-06-11 18:13:41"
"780","2","25","1009","50","3","0","-76","null","2018-06-11 18:13:46"
"781","2","25","1009","50","3","0","-72","null","2018-06-11 18:13:51"
"782","2","25","1009","50","3","0","-68","null","2018-06-11 18:13:56"
"783","2","25","1009","50","3","0","-74","null","2018-06-11 18:14:02"
"784","2","25","1009","50","3","0","-74","null","2018-06-11 18:14:07"
"785","2","25","1009","50","3","0","-72","null","2018-06-11 18:14:12"
"786","2","25","1009","50","3","0","-75","null","2018-06-11 18:14:17"
"787","2","25","1009","50","3","0","-74","null","2018-06-11 18:14:22"
"788","2","25","1009","50","3","0","-72","null","2018-06-11 18:14:27"
"789","2","25","1009","50","3","0","-73","null","2018-06-11 18:14:32"
"790","2","25","1009","50","3","0","-74","null","2018-06-11 18:14:37"
"791","2","25","1009","50","3","0","-72","null","2018-06-11 18:14:42"
"792","2","25","1009","50","3","0","-76","null","2018-06-11 18:14:47"
"793","2","25","1009","50","3","0","-74","null","2018-06-11 18:14:52"
"794","2","25","1009","50","3","0","-71","null","2018-06-11 18:14:57"
"795","2","25","1009","50","3","0","-74","null","2018-06-11 18:15:02"
"796","2","25","1009","50","3","0","-75","null","2018-06-11 18:15:07"
"797","2","25","1009","50","3","0","-72","null","2018-06-11 18:15:12"
"798","2","25","1009","50","3","0","-74","null","2018-06-11 18:15:18"
"799","2","25","1009","50","3","0","-71","null","2018-06-11 18:15:24"
"800","2","25","1009","50","3","0","-75","null","2018-06-11 18:15:29"
"801","2","25","1009","50","3","0","-75","null","2018-06-11 18:15:34"
"802","2","25","1009","50","3","0","-73","null","2018-06-11 18:15:40"
"803","2","25","1009","50","3","0","-75","null","2018-06-11 18:15:45"
"804","2","25","1009","50","3","0","-74","null","2018-06-11 18:15:50"
"805","2","25","1009","50","3","0","-72","null","2018-06-11 18:15:55"
"806","2","25","1009","50","3","0","-76","null","2018-06-11 18:16:00"
"807","2","25","1009","50","3","0","-76","null","2018-06-11 18:16:05"
"808","2","25","1009","50","3","0","-72","null","2018-06-11 18:16:10"
"809","2","25","1009","50","3","0","-74","null","2018-06-11 18:16:15"
"810","2","25","1009","50","3","0","-77","null","2018-06-11 18:16:20"
"811","2","25","1009","50","3","0","-72","null","2018-06-11 18:16:25"
"812","2","25","1009","50","3","0","-75","null","2018-06-11 18:16:30"
"813","2","25","1009","50","3","0","-76","null","2018-06-11 18:16:35"
"814","2","25","1009","50","3","0","-73","null","2018-06-11 18:16:40"
"815","2","25","1009","50","3","0","-75","null","2018-06-11 18:16:45"
"816","2","25","1009","50","3","0","-74","null","2018-06-11 18:16:50"
"817","2","25","1009","50","3","0","-72","null","2018-06-11 18:16:55"
"818","2","25","1009","50","3","0","-75","null","2018-06-11 18:17:00"
"819","2","25","1009","44","3","0","-70","null","2018-06-11 21:23:07"
"820","2","24","1013","51","3","0","-46","null","2018-06-15 11:22:18"
"821","2","24","1013","51","3","0","-69","null","2018-06-15 11:22:23"
"822","2","24","1013","51","3","0","-72","null","2018-06-15 11:22:28"
"823","2","24","1013","51","3","0","-66","null","2018-06-15 11:22:58"
"824","2","24","1013","51","3","0","-66","null","2018-06-15 11:23:00"
"825","2","24","1013","51","3","0","-64","null","2018-06-15 11:23:05"
"826","2","24","1013","51","3","0","-57","null","2018-06-15 11:23:11"
"827","2","24","1013","51","3","0","-61","null","2018-06-15 11:23:16"
"828","2","24","1013","51","3","0","-63","null","2018-06-15 11:24:01"
"829","2","24","1013","51","3","0","-70","null","2018-06-15 11:24:06"
"830","2","24","1013","51","3","0","-64","null","2018-06-15 11:24:11"
"831","2","24","1013","51","3","0","-75","null","2018-06-15 11:24:16"
"832","2","24","1013","51","3","0","-65","null","2018-06-15 11:24:24"
"833","2","24","1013","51","3","0","-58","null","2018-06-15 11:24:26"
"834","2","24","1013","51","3","0","-60","null","2018-06-15 11:25:24"
"835","2","24","1013","51","3","0","-53","null","2018-06-15 11:39:44"
"836","2","24","1008","66","3","0","-53","null","2018-06-11 14:45:55"
"837","2","24","1008","66","3","0","-69","null","2018-06-11 14:46:00"
"838","2","24","1008","66","3","0","-56","null","2018-06-11 14:46:03"
"839","2","24","1008","66","3","0","-58","null","2018-06-11 14:46:10"
"840","2","24","1008","66","3","0","-53","null","2018-06-11 14:46:15"
"841","2","24","1008","66","3","0","-47","null","2018-06-11 14:46:18"
"842","2","24","1008","66","3","0","-56","null","2018-06-11 14:46:30"
"843","2","24","1008","66","3","0","-46","null","2018-06-11 14:46:36"
"844","2","24","1008","66","3","0","-53","null","2018-06-11 14:46:41"
"845","2","24","1008","66","3","0","-57","null","2018-06-11 14:46:46"
"846","2","24","1008","66","3","0","-54","null","2018-06-11 14:46:51"
"847","2","24","1008","66","3","0","-60","null","2018-06-11 14:47:01"
"848","2","24","1008","66","3","0","-49","null","2018-06-11 14:47:07"
"849","2","24","1008","66","3","0","-50","null","2018-06-11 14:47:12"
"850","2","24","1008","66","3","0","-53","null","2018-06-11 14:47:22"
"851","2","24","1008","66","3","0","-41","null","2018-06-11 16:27:30"
"852","2","24","1008","66","3","0","-53","null","2018-06-11 16:27:40"
"853","2","24","1008","66","3","0","-62","null","2018-06-11 16:27:46"
"854","2","24","1008","66","3","0","-71","null","2018-06-11 16:27:51"
"855","2","24","1008","66","3","0","-66","null","2018-06-11 16:27:59"
"856","2","24","1008","66","3","0","-86","null","2018-06-11 16:28:04"
"857","2","24","1008","66","3","0","-71","null","2018-06-11 16:28:09"
"858","2","24","1008","66","3","0","-66","null","2018-06-11 16:28:14"
"859","2","24","1008","66","3","0","-62","null","2018-06-11 16:28:20"
"860","2","24","1008","66","3","0","-73","null","2018-06-11 16:28:25"
"861","2","24","1008","66","3","0","-65","null","2018-06-11 16:28:30"
"862","2","24","1008","66","3","0","-60","null","2018-06-11 16:28:34"
"863","2","24","1008","66","3","0","-67","null","2018-06-11 16:28:39"
"864","2","24","1008","66","3","0","-67","null","2018-06-11 16:28:42"
"865","2","24","1008","66","3","0","-70","null","2018-06-11 16:28:52"
"866","2","24","1008","66","3","0","-67","null","2018-06-11 16:28:57"
"867","2","24","1008","66","3","0","-59","null","2018-06-11 16:29:18"
"868","2","24","1008","66","3","0","-71","null","2018-06-11 16:29:30"
"869","2","24","1008","66","3","0","-63","null","2018-06-11 16:29:34"
"870","2","24","1008","66","3","0","-66","null","2018-06-11 16:29:39"
"871","2","24","1008","66","3","0","-61","null","2018-06-11 17:12:49"
"872","2","24","1008","66","3","0","-64","null","2018-06-11 17:12:59"
"873","2","24","1008","66","3","0","-63","null","2018-06-11 17:13:09"
"874","2","24","1008","66","3","0","-72","null","2018-06-11 17:13:20"
"875","2","24","1008","66","3","0","-61","null","2018-06-11 17:13:25"
"876","2","24","1008","66","3","0","-71","null","2018-06-11 17:13:31"
"877","2","24","1008","66","3","0","-64","null","2018-06-11 17:13:35"
"878","2","24","1008","66","3","0","-60","null","2018-06-11 17:13:42"
"879","2","24","1008","66","3","0","-71","null","2018-06-11 17:13:47"
"880","2","24","1008","66","3","0","-60","null","2018-06-11 17:13:51"
"881","2","24","1008","66","3","0","-60","null","2018-06-11 17:13:57"
"882","2","24","1008","66","3","0","-61","null","2018-06-11 17:14:02"
"883","2","24","1008","66","3","0","-60","null","2018-06-11 17:14:08"
"884","2","24","1008","66","3","0","-70","null","2018-06-11 17:14:12"
"885","2","24","1008","66","3","0","-66","null","2018-06-11 17:14:19"
"886","2","24","1008","66","3","0","-61","null","2018-06-11 17:14:24"
"887","2","24","1008","66","3","0","-66","null","2018-06-11 17:14:27"
"888","2","24","1008","66","3","0","-66","null","2018-06-11 17:14:34"
"889","2","24","1008","66","3","0","-58","null","2018-06-11 17:14:38"
"890","2","24","1008","66","3","0","-64","null","2018-06-11 17:14:44"
"891","2","24","1008","66","3","0","-64","null","2018-06-11 17:14:55"
"892","2","24","1008","66","3","0","-60","null","2018-06-11 17:14:55"
"893","2","24","1008","66","3","0","-65","null","2018-06-11 17:15:09"
"894","2","24","1008","66","3","0","-60","null","2018-06-11 17:15:14"
"895","2","24","1008","66","3","0","-71","null","2018-06-11 17:15:19"
"896","2","24","1008","66","3","0","-66","null","2018-06-11 17:15:24"
"897","2","24","1008","66","3","0","-70","null","2018-06-11 17:15:47"
"898","2","24","1008","66","3","0","-67","null","2018-06-11 17:15:52"
"899","2","24","1008","66","3","0","-60","null","2018-06-11 17:15:57"
"900","2","24","1008","66","3","0","-69","null","2018-06-11 17:16:02"
"901","2","24","1008","66","3","0","-66","null","2018-06-11 17:16:07"
"902","2","24","1008","66","3","0","-60","null","2018-06-11 17:16:12"
"903","2","24","1008","66","3","0","-60","null","2018-06-11 17:16:28"
"904","2","24","1008","66","3","0","-66","null","2018-06-11 17:16:33"
"905","2","24","1008","66","3","0","-63","null","2018-06-11 17:16:38"
"906","2","24","1008","66","3","0","-70","null","2018-06-11 17:16:43"
"907","2","24","1008","66","3","0","-60","null","2018-06-11 17:16:50"
"908","2","24","1008","66","3","0","-66","null","2018-06-11 17:17:00"
"909","2","24","1008","66","3","0","-67","null","2018-06-11 17:17:11"
"910","2","24","1008","66","3","0","-61","null","2018-06-11 17:17:15"
"911","2","24","1008","66","3","0","-75","null","2018-06-11 17:17:22"
"912","2","24","1008","66","3","0","-66","null","2018-06-11 17:17:25"
"913","2","24","1008","66","3","0","-61","null","2018-06-11 17:17:32"
"914","2","24","1008","66","3","0","-63","null","2018-06-11 17:17:42"
"915","2","24","1008","66","3","0","-65","null","2018-06-11 17:17:46"
"916","2","24","1008","66","3","0","-60","null","2018-06-11 17:17:53"
"917","2","24","1008","66","3","0","-61","null","2018-06-11 17:17:57"
"918","2","24","1008","66","3","0","-73","null","2018-06-11 17:18:04"
"919","2","24","1008","66","3","0","-63","null","2018-06-11 17:18:09"
"920","2","24","1008","66","3","0","-66","null","2018-06-11 17:18:28"
"921","2","24","1008","66","3","0","-65","null","2018-06-11 17:18:32"
"922","2","24","1008","66","3","0","-69","null","2018-06-11 17:18:38"
"923","2","24","1008","66","3","0","-62","null","2018-06-11 17:18:43"
"924","2","24","1008","66","3","0","-58","null","2018-06-11 17:24:50"
"925","2","24","1008","66","3","0","-65","null","2018-06-11 17:24:55"
"926","2","24","1008","66","3","0","-61","null","2018-06-11 17:24:58"
"927","2","24","1008","66","3","0","-57","null","2018-06-11 17:25:05"
"928","2","24","1008","66","3","0","-61","null","2018-06-11 17:25:15"
"929","2","24","1008","66","3","0","-53","null","2018-06-11 17:25:20"
"930","2","24","1008","66","3","0","-69","null","2018-06-11 17:25:36"
"931","2","24","1008","66","3","0","-62","null","2018-06-11 17:25:49"
"932","2","24","1008","66","3","0","-58","null","2018-06-11 17:25:59"
"933","2","24","1008","66","3","0","-61","null","2018-06-11 17:26:05"
"934","2","24","1008","66","3","0","-64","null","2018-06-11 17:26:09"
"935","2","24","1008","66","3","0","-69","null","2018-06-11 17:26:15"
"936","2","24","1008","66","3","0","-62","null","2018-06-11 17:26:26"
"937","2","24","1008","66","3","0","-60","null","2018-06-11 17:26:31"
"938","2","24","1008","66","3","0","-61","null","2018-06-11 17:26:50"
"939","2","24","1008","66","3","0","-68","null","2018-06-11 17:26:58"
"940","2","24","1008","66","3","0","-61","null","2018-06-11 17:27:05"
"941","2","24","1008","66","3","0","-62","null","2018-06-11 17:27:08"
"942","2","24","1008","66","3","0","-57","null","2018-06-11 17:27:18"
"943","2","24","1008","66","3","0","-63","null","2018-06-11 17:27:25"
"944","2","24","1008","66","3","0","-64","null","2018-06-11 17:27:29"
"945","2","24","1008","66","3","0","-57","null","2018-06-11 17:27:36"
"946","2","24","1008","66","3","0","-64","null","2018-06-11 17:27:39"
"947","2","24","1008","66","3","0","-62","null","2018-06-11 17:27:46"
"948","2","24","1008","66","3","0","-58","null","2018-06-11 17:27:51"
"949","2","24","1008","66","3","0","-61","null","2018-06-11 17:27:54"
"950","2","24","1008","66","3","0","-61","null","2018-06-11 17:28:00"
"951","2","24","1008","66","3","0","-56","null","2018-06-11 17:28:04"
"952","2","24","1008","66","3","0","-63","null","2018-06-11 17:28:11"
"953","2","24","1008","66","3","0","-60","null","2018-06-11 17:28:14"
"954","2","24","1008","66","3","0","-56","null","2018-06-11 17:28:21"
"955","2","24","1008","66","3","0","-63","null","2018-06-11 17:28:24"
"956","2","24","1008","66","3","0","-62","null","2018-06-11 17:28:31"
"957","2","24","1008","66","3","0","-52","null","2018-06-11 17:28:36"
"958","2","24","1008","66","3","0","-60","null","2018-06-11 17:28:48"
"959","2","24","1008","66","3","0","-63","null","2018-06-11 17:28:58"
"960","2","24","1008","66","3","0","-57","null","2018-06-11 17:29:04"
"961","2","24","1008","66","3","0","-61","null","2018-06-11 17:29:09"
"962","2","24","1008","66","3","0","-57","null","2018-06-11 17:29:14"
"963","2","24","1008","66","3","0","-56","null","2018-06-11 17:29:19"
"964","2","24","1008","66","3","0","-62","null","2018-06-11 17:29:25"
"965","2","24","1008","66","3","0","-57","null","2018-06-11 17:29:29"
"966","2","24","1008","66","3","0","-49","null","2018-06-11 17:29:35"
"967","2","24","1008","66","3","0","-61","null","2018-06-11 17:29:39"
"968","2","24","1008","66","3","0","-62","null","2018-06-11 17:29:45"
"969","2","24","1008","66","3","0","-57","null","2018-06-11 17:29:49"
"970","2","24","1008","66","3","0","-62","null","2018-06-11 17:29:59"
"971","2","24","1008","66","3","0","-57","null","2018-06-11 17:30:06"
"972","2","24","1008","66","3","0","-61","null","2018-06-11 17:30:16"
"973","2","24","1008","66","3","0","-58","null","2018-06-11 17:30:20"
"974","2","24","1008","66","3","0","-64","null","2018-06-11 17:30:25"
"975","2","24","1008","66","3","0","-63","null","2018-06-11 17:30:31"
"976","2","24","1008","66","3","0","-56","null","2018-06-11 17:30:35"
"977","2","24","1008","66","3","0","-59","null","2018-06-11 17:30:42"
"978","2","24","1008","66","3","0","-60","null","2018-06-11 17:30:47"
"979","2","24","1008","66","3","0","-61","null","2018-06-11 17:30:53"
"980","2","24","1008","66","3","0","-65","null","2018-06-11 17:31:03"
"981","2","24","1008","66","3","0","-59","null","2018-06-11 17:31:08"
"982","2","24","1008","66","3","0","-59","null","2018-06-11 17:31:22"
"983","2","24","1008","66","3","0","-61","null","2018-06-11 17:31:27"
"984","2","24","1008","66","3","0","-60","null","2018-06-11 17:31:32"
"985","2","24","1008","66","3","0","-57","null","2018-06-11 17:31:37"
"986","2","24","1008","66","3","0","-62","null","2018-06-11 17:31:43"
"987","2","24","1008","66","3","0","-61","null","2018-06-11 17:31:47"
"988","2","24","1008","66","3","0","-59","null","2018-06-11 17:31:52"
"989","2","24","1008","66","3","0","-65","null","2018-06-11 17:31:57"
"990","2","24","1008","66","3","0","-63","null","2018-06-11 17:32:02"
"991","2","24","1008","66","3","0","-59","null","2018-06-11 17:32:06"
"992","2","24","1008","66","3","0","-65","null","2018-06-11 17:32:11"
"993","2","24","1008","66","3","0","-66","null","2018-06-11 17:32:17"
"994","2","24","1008","66","3","0","-58","null","2018-06-11 17:32:21"
"995","2","24","1008","66","3","0","-60","null","2018-06-11 17:32:27"
"996","2","24","1008","66","3","0","-63","null","2018-06-11 17:32:31"
"997","2","24","1008","66","3","0","-59","null","2018-06-11 17:32:37"
"998","2","24","1008","66","3","0","-67","null","2018-06-11 17:43:18"
"999","2","24","1008","66","3","0","-52","null","2018-06-11 17:43:22"
"1000","2","24","1008","66","3","0","-52","null","2018-06-11 17:43:28"
"1001","2","24","1008","66","3","0","-60","null","2018-06-11 17:43:32"
"1002","2","24","1008","66","3","0","-52","null","2018-06-11 17:43:38"
"1003","2","24","1008","66","3","0","-62","null","2018-06-11 17:44:06"
"1004","2","24","1008","66","3","0","-67","null","2018-06-11 17:44:17"
"1005","2","24","1008","66","3","0","-53","null","2018-06-11 17:44:23"
"1006","2","24","1008","66","3","0","-59","null","2018-06-11 17:44:27"
"1007","2","24","1008","66","3","0","-62","null","2018-06-11 17:44:33"
"1008","2","24","1008","66","3","0","-59","null","2018-06-11 17:44:39"
"1009","2","24","1008","66","3","0","-55","null","2018-06-11 17:44:42"
"1010","2","24","1008","66","3","0","-57","null","2018-06-11 17:44:49"
"1011","2","24","1008","66","3","0","-55","null","2018-06-11 17:44:54"
"1012","2","24","1008","66","3","0","-54","null","2018-06-11 17:44:59"
"1013","2","24","1008","66","3","0","-59","null","2018-06-11 17:45:04"
"1014","2","24","1008","66","3","0","-50","null","2018-06-11 17:46:40"
"1015","2","24","1008","66","3","0","-68","null","2018-06-11 17:46:44"
"1016","2","24","1008","66","3","0","-52","null","2018-06-11 17:46:50"
"1017","2","24","1008","66","3","0","-70","null","2018-06-11 17:47:00"
"1018","2","24","1008","66","3","0","-57","null","2018-06-11 17:47:08"
"1019","2","24","1008","66","3","0","-56","null","2018-06-11 17:47:13"
"1020","2","24","1008","66","3","0","-82","null","2018-06-11 17:47:18"
"1021","2","24","1008","66","3","0","-57","null","2018-06-11 17:47:22"
"1022","2","24","1008","66","3","0","-84","null","2018-06-11 17:47:32"
"1023","2","24","1008","66","3","0","-57","null","2018-06-11 17:47:42"
"1024","2","24","1008","66","3","0","-61","null","2018-06-11 17:47:53"
"1025","2","24","1008","66","3","0","-58","null","2018-06-11 17:48:04"
"1026","2","24","1008","66","3","0","-67","null","2018-06-11 17:48:15"
"1027","2","24","1008","66","3","0","-55","null","2018-06-11 17:48:22"
"1028","2","24","1008","66","3","0","-55","null","2018-06-11 17:48:26"
"1029","2","24","1008","66","3","0","-64","null","2018-06-11 17:48:33"
"1030","2","24","1008","66","3","0","-53","null","2018-06-11 17:49:01"
"1031","2","24","1008","66","3","0","-74","null","2018-06-11 17:49:06"
"1032","2","24","1008","66","3","0","-57","null","2018-06-11 17:49:09"
"1033","2","24","1008","66","3","0","-57","null","2018-06-11 17:49:16"
"1034","2","24","1008","66","3","0","-79","null","2018-06-11 17:49:19"
"1035","2","24","1008","66","3","0","-58","null","2018-06-11 17:49:26"
"1036","2","24","1008","66","3","0","-57","null","2018-06-11 17:49:30"
"1037","2","24","1008","66","3","0","-88","null","2018-06-11 17:49:36"
"1038","2","24","1008","66","3","0","-53","null","2018-06-11 17:49:41"
"1039","2","24","1008","66","3","0","-59","null","2018-06-11 17:49:47"
"1040","2","24","1008","66","3","0","-62","null","2018-06-11 17:50:14"
"1041","2","24","1008","66","3","0","-54","null","2018-06-11 17:50:24"
"1042","2","24","1008","66","3","0","-56","null","2018-06-11 17:50:30"
"1043","2","24","1008","66","3","0","-58","null","2018-06-11 17:50:35"
"1044","2","24","1008","66","3","0","-55","null","2018-06-11 17:50:40"
"1045","2","24","1008","66","3","0","-53","null","2018-06-11 17:50:45"
"1046","2","22","1012","60","3","0","-50","null","2018-06-15 11:23:49"
"1047","2","22","1012","60","3","0","-49","null","2018-06-15 11:23:52"
"1048","2","22","1012","60","3","0","-61","null","2018-06-15 11:23:58"
"1049","2","22","1012","60","3","0","-52","null","2018-06-15 11:24:02"
"1050","2","22","1012","60","3","0","-66","null","2018-06-15 11:24:13"
"1051","2","22","1012","60","3","0","-49","null","2018-06-15 11:24:23"
"1052","2","22","1012","60","3","0","-61","null","2018-06-15 11:24:28"
"1053","2","22","1012","60","3","0","-50","null","2018-06-15 11:24:34"
"1054","2","22","1012","60","3","0","-54","null","2018-06-15 11:24:39"
"1055","2","22","1012","60","3","0","-56","null","2018-06-15 11:24:48"
"1056","2","22","1012","60","3","0","-62","null","2018-06-15 11:24:59"
"1057","2","22","1012","60","3","0","-56","null","2018-06-15 11:25:05"
"1058","2","22","1012","60","3","0","-56","null","2018-06-15 11:25:09"
"1059","2","22","1012","60","3","0","-67","null","2018-06-15 11:25:15"
"1060","2","22","1012","60","3","0","-57","null","2018-06-15 11:25:19"
"1061","2","22","1012","60","3","0","-62","null","2018-06-15 11:25:26"
"1062","2","22","1012","60","3","0","-34","null","2018-06-15 11:25:39"
"1063","2","22","1012","60","3","0","-65","null","2018-06-15 11:25:46"
"1064","2","22","1012","60","3","0","-54","null","2018-06-15 11:25:51"
"1065","2","22","1012","60","3","0","-55","null","2018-06-15 11:26:07"
"1066","2","22","1012","60","3","0","-66","null","2018-06-15 11:26:14"
"1067","2","22","1012","60","3","0","-51","null","2018-06-15 11:26:18"
"1068","2","22","1012","60","3","0","-62","null","2018-06-15 11:26:43"
"1069","2","22","1012","60","3","0","-57","null","2018-06-15 11:26:48"
"1070","2","22","1012","60","3","0","-54","null","2018-06-15 11:26:52"
"1071","2","22","1012","60","3","0","-56","null","2018-06-15 11:27:02"
"1072","2","22","1012","60","3","0","-58","null","2018-06-15 11:27:13"
"1073","2","22","1012","60","3","0","-58","null","2018-06-15 11:27:25"
"1074","2","22","1012","60","3","0","-50","null","2018-06-15 11:40:36"
"1075","2","22","1012","60","3","0","-57","null","2018-06-15 11:40:42"
"1076","2","22","1012","60","3","0","-50","null","2018-06-15 11:40:50"
"1077","2","22","1012","60","3","0","-53","null","2018-06-15 11:41:02"
"1078","2","22","1012","60","3","0","-49","null","2018-06-15 11:41:07"
"1079","2","22","1012","60","3","0","-62","null","2018-06-15 11:41:12"
"1080","2","22","1012","60","3","0","-57","null","2018-06-15 11:41:16"
"1081","2","22","1012","60","3","0","-57","null","2018-06-15 11:41:23"
"1082","2","22","1012","60","3","0","-59","null","2018-06-15 11:41:28"
"1083","2","22","1012","60","3","0","-55","null","2018-06-15 11:41:31"
"1084","2","22","1012","60","3","0","-55","null","2018-06-15 11:41:38"
"1085","2","23","1011","60","3","0","-54","null","2018-06-15 13:05:06"
"1086","2","23","1011","60","3","0","-61","null","2018-06-15 13:05:09"
"1087","2","23","1011","60","3","0","-58","null","2018-06-15 13:05:16"
"1088","2","23","1011","60","3","0","-56","null","2018-06-15 13:05:21"
"1089","2","23","1011","60","3","0","-60","null","2018-06-15 13:05:25"
"1090","2","23","1011","60","3","0","-52","null","2018-06-15 13:05:31"
"1091","2","23","1011","60","3","0","-51","null","2018-06-15 13:05:34"
"1092","2","23","1011","60","3","0","-61","null","2018-06-15 13:05:41"
"1093","2","23","1011","60","3","0","-53","null","2018-06-15 13:05:44"
"1094","2","23","1011","60","3","0","-51","null","2018-06-15 13:05:51"
"1095","2","23","1011","60","3","0","-59","null","2018-06-15 13:05:54"
"1096","2","23","1011","60","3","0","-59","null","2018-06-15 13:06:01"
"1097","2","23","1011","60","3","0","-54","null","2018-06-15 13:06:05"
"1098","2","23","1011","60","3","0","-55","null","2018-06-15 13:06:15"
"1099","2","23","1011","60","3","0","-59","null","2018-06-15 13:06:25"
"1100","2","23","1011","60","3","0","-53","null","2018-06-15 13:06:35"
"1101","2","23","1011","60","3","0","-58","null","2018-06-15 13:06:41"
"1102","2","23","1011","60","3","0","-50","null","2018-06-15 13:06:46"
"1103","2","23","1011","60","3","0","-61","null","2018-06-15 13:06:52"
"1104","2","23","1011","60","3","0","-54","null","2018-06-15 13:07:18"
"1105","2","23","1011","60","3","0","-59","null","2018-06-15 13:07:25"
"1106","2","23","1011","60","3","0","-58","null","2018-06-15 13:07:28"
"1107","2","23","1011","60","3","0","-55","null","2018-06-15 13:07:35"
"1108","2","23","1011","60","3","0","-61","null","2018-06-15 13:07:40"
"1109","2","23","1011","60","3","0","-58","null","2018-06-15 13:07:43"
"1110","2","23","1011","60","3","0","-56","null","2018-06-15 13:07:50"
"1111","2","23","1011","60","3","0","-57","null","2018-06-15 13:07:58"
"1112","2","23","1011","60","3","0","-64","null","2018-06-15 13:08:09"
"1113","2","23","1011","60","3","0","-53","null","2018-06-15 13:08:16"
"1114","2","23","1011","60","3","0","-59","null","2018-06-15 13:08:25"
"1115","2","23","1011","60","3","0","-57","null","2018-06-15 13:08:30"
"1116","2","23","1011","60","3","0","-51","null","2018-06-15 13:08:35"
"1117","2","23","1011","60","3","0","-61","null","2018-06-15 13:08:40"
"1118","2","23","1011","60","3","0","-58","null","2018-06-15 13:08:45"
"1119","2","23","1011","60","3","0","-56","null","2018-06-15 13:08:50"
"1120","2","23","1011","60","3","0","-60","null","2018-06-15 13:08:55"
"1121","2","23","1011","60","3","0","-57","null","2018-06-15 13:09:00"
"1122","2","23","1011","60","3","0","-53","null","2018-06-15 13:09:05"
"1123","2","23","1011","60","3","0","-63","null","2018-06-15 13:09:38"
"1124","2","23","1011","60","3","0","-63","null","2018-06-15 13:09:48"
"1125","2","23","1011","60","3","0","-57","null","2018-06-15 13:09:58"
"1126","2","23","1011","60","3","0","-57","null","2018-06-15 13:10:09"
"1127","2","23","1011","60","3","0","-57","null","2018-06-15 13:10:30"
"1128","2","23","1011","60","3","0","-62","null","2018-06-15 13:10:40"
"1129","2","23","1011","60","3","0","-52","null","2018-06-15 13:10:57"
"1130","2","23","1011","60","3","0","-61","null","2018-06-15 13:11:07"
"1131","2","23","1011","60","3","0","-57","null","2018-06-15 13:11:19"
"1132","2","23","1011","60","3","0","-63","null","2018-06-15 13:11:22"
"1133","2","23","1011","60","3","0","-55","null","2018-06-15 13:11:27"
"1134","2","23","1011","60","3","0","-57","null","2018-06-15 13:11:35"
"1135","2","23","1011","60","3","0","-59","null","2018-06-15 13:11:45"
"1136","2","23","1011","60","3","0","-61","null","2018-06-15 13:11:55"
"1137","2","23","1011","60","3","0","-57","null","2018-06-15 13:12:02"
"1138","2","23","1011","60","3","0","-61","null","2018-06-15 13:12:13"
"1139","2","23","1011","60","3","0","-61","null","2018-06-15 13:12:23"
"1140","2","23","1011","60","3","0","-52","null","2018-06-15 13:12:27"
"1141","2","23","1011","60","3","0","-48","null","2018-06-15 14:52:48"
"1347","3","-22","1010","72","3","0","-82","null","2018-06-11 14:46:19"
"1348","3","-22","1010","72","3","0","-88","null","2018-06-11 14:46:25"
"1349","3","-22","1010","72","3","0","-88","null","2018-06-11 14:46:32"
"1350","3","-22","1010","72","3","0","-94","null","2018-06-11 14:46:37"
"1351","3","-22","1010","73","3","0","-91","null","2018-06-11 14:46:47"
"1352","3","-22","1010","73","3","0","-93","null","2018-06-11 14:47:11"
"1353","3","-22","1010","73","3","0","-90","null","2018-06-11 14:47:18"
"1354","3","-22","1010","73","3","0","-90","null","2018-06-11 14:47:23"
"1355","3","-21","1010","75","3","0","-98","null","2018-06-11 16:27:36"
"1356","3","-21","1010","75","3","0","-92","null","2018-06-11 16:27:47"
"1357","3","-21","1010","75","3","0","-97","null","2018-06-11 16:27:54"
"1358","3","-21","1010","75","3","0","-96","null","2018-06-11 16:28:43"
"1359","3","-21","1010","75","3","0","-88","null","2018-06-11 16:28:49"
"1360","3","-21","1010","75","3","0","-97","null","2018-06-11 16:28:57"
"1361","3","-21","1010","75","3","0","-94","null","2018-06-11 16:29:02"
"1362","3","-21","1010","75","3","0","-93","null","2018-06-11 16:29:05"
"1363","3","-21","1010","75","3","0","-94","null","2018-06-11 16:29:10"
"1364","3","-21","1010","75","3","0","-88","null","2018-06-11 16:29:15"
"1365","3","-21","1010","75","3","0","-97","null","2018-06-11 16:29:25"
"1366","3","-21","1010","76","3","0","-91","null","2018-06-11 16:29:38"
"1367","3","-21","1010","67","3","0","-87","null","2018-06-11 17:12:48"
"1368","3","-21","1010","67","3","0","-96","null","2018-06-11 17:12:53"
"1369","3","-21","1010","66","3","0","-99","null","2018-06-11 17:13:03"
"1370","3","-21","1010","66","3","0","-88","null","2018-06-11 17:13:13"
"1371","3","-21","1010","66","3","0","-95","null","2018-06-11 17:13:25"
"1372","3","-21","1010","66","3","0","-85","null","2018-06-11 17:13:31"
"1373","3","-21","1010","66","3","0","-97","null","2018-06-11 17:13:37"
"1374","3","-21","1010","66","3","0","-98","null","2018-06-11 17:13:50"
"1375","3","-21","1010","66","3","0","-87","null","2018-06-11 17:14:01"
"1376","3","-21","1010","66","3","0","-87","null","2018-06-11 17:14:14"
"1377","3","-21","1010","66","3","0","-94","null","2018-06-11 17:14:19"
"1378","3","-21","1010","66","3","0","-99","null","2018-06-11 17:14:38"
"1379","3","-21","1010","66","3","0","-97","null","2018-06-11 17:14:48"
"1380","3","-21","1010","66","3","0","-87","null","2018-06-11 17:14:59"
"1381","3","-21","1010","66","3","0","-96","null","2018-06-11 17:15:04"
"1382","3","-21","1010","66","3","0","-96","null","2018-06-11 17:15:09"
"1383","3","-21","1010","66","3","0","-84","null","2018-06-11 17:15:14"
"1384","3","-21","1010","66","3","0","-92","null","2018-06-11 17:15:19"
"1385","3","-21","1010","66","3","0","-100","null","2018-06-11 17:15:29"
"1386","3","-21","1010","66","3","0","-87","null","2018-06-11 17:15:34"
"1387","3","-21","1010","66","3","0","-99","null","2018-06-11 17:15:39"
"1388","3","-21","1010","66","3","0","-86","null","2018-06-11 17:15:43"
"1389","3","-21","1010","66","3","0","-93","null","2018-06-11 17:15:48"
"1390","3","-21","1010","66","3","0","-83","null","2018-06-11 17:15:58"
"1391","3","-21","1010","66","3","0","-86","null","2018-06-11 17:16:14"
"1392","3","-21","1010","66","3","0","-95","null","2018-06-11 17:16:19"
"1393","3","-21","1010","66","3","0","-94","null","2018-06-11 17:16:24"
"1394","3","-22","1010","66","3","0","-83","null","2018-06-11 17:16:29"
"1395","3","-22","1010","66","3","0","-97","null","2018-06-11 17:16:54"
"1396","3","-22","1010","66","3","0","-93","null","2018-06-11 17:17:04"
"1397","3","-22","1010","66","3","0","-86","null","2018-06-11 17:17:15"
"1398","3","-22","1010","66","3","0","-94","null","2018-06-11 17:17:35"
"1399","3","-22","1010","66","3","0","-94","null","2018-06-11 17:17:42"
"1400","3","-22","1010","67","3","0","-94","null","2018-06-11 17:18:09"
"1401","3","-22","1010","67","3","0","-94","null","2018-06-11 17:18:18"
"1402","3","-22","1010","67","3","0","-95","null","2018-06-11 17:18:23"
"1403","3","-22","1010","67","3","0","-94","null","2018-06-11 17:18:34"
"1404","3","-22","1010","69","3","0","-87","null","2018-06-11 17:25:08"
"1405","3","-22","1010","69","3","0","-87","null","2018-06-11 17:25:26"
"1406","3","-22","1010","69","3","0","-95","null","2018-06-11 17:25:31"
"1407","3","-22","1010","69","3","0","-87","null","2018-06-11 17:25:41"
"1408","3","-22","1010","69","3","0","-98","null","2018-06-11 17:25:46"
"1409","3","-22","1010","69","3","0","-88","null","2018-06-11 17:25:54"
"1410","3","-22","1010","69","3","0","-94","null","2018-06-11 17:25:58"
"1411","3","-22","1010","70","3","0","-88","null","2018-06-11 17:26:25"
"1412","3","-22","1010","70","3","0","-96","null","2018-06-11 17:26:30"
"1413","3","-22","1010","70","3","0","-87","null","2018-06-11 17:26:40"
"1414","3","-22","1010","70","3","0","-95","null","2018-06-11 17:26:44"
"1415","3","-22","1010","70","3","0","-87","null","2018-06-11 17:26:55"
"1416","3","-22","1010","70","3","0","-92","null","2018-06-11 17:26:59"
"1417","3","-22","1010","70","3","0","-87","null","2018-06-11 17:27:09"
"1418","3","-22","1010","70","3","0","-94","null","2018-06-11 17:27:15"
"1419","3","-22","1010","70","3","0","-96","null","2018-06-11 17:27:36"
"1420","3","-22","1010","70","3","0","-88","null","2018-06-11 17:27:41"
"1421","3","-22","1010","70","3","0","-87","null","2018-06-11 17:27:54"
"1422","3","-22","1010","70","3","0","-95","null","2018-06-11 17:28:14"
"1423","3","-22","1010","70","3","0","-86","null","2018-06-11 17:28:40"
"1424","3","-22","1010","70","3","0","-98","null","2018-06-11 17:28:45"
"1425","3","-22","1010","70","3","0","-84","null","2018-06-11 17:28:54"
"1426","3","-22","1010","70","3","0","-93","null","2018-06-11 17:28:58"
"1427","3","-22","1010","70","3","0","-87","null","2018-06-11 17:29:08"
"1428","3","-22","1010","71","3","0","-97","null","2018-06-11 17:29:28"
"1429","3","-22","1010","71","3","0","-87","null","2018-06-11 17:29:39"
"1430","3","-22","1010","71","3","0","-85","null","2018-06-11 17:29:55"
"1431","3","-22","1010","71","3","0","-96","null","2018-06-11 17:29:59"
"1432","3","-22","1010","71","3","0","-88","null","2018-06-11 17:30:09"
"1433","3","-22","1010","71","3","0","-92","null","2018-06-11 17:30:46"
"1434","3","-22","1010","71","3","0","-87","null","2018-06-11 17:30:58"
"1435","3","-22","1010","71","3","0","-88","null","2018-06-11 17:31:13"
"1436","3","-22","1010","71","3","0","-99","null","2018-06-11 17:31:17"
"1437","3","-22","1010","71","3","0","-91","null","2018-06-11 17:32:20"
"1438","3","-22","1010","71","3","0","-95","null","2018-06-11 17:32:31"
"1439","3","-21","1010","74","3","0","-90","null","2018-06-11 17:43:21"
"1440","3","-21","1010","74","3","0","-91","null","2018-06-11 17:43:42"
"1441","3","-21","1010","74","3","0","-92","null","2018-06-11 17:43:48"
"1442","3","-21","1010","74","3","0","-90","null","2018-06-11 17:43:52"
"1443","3","-21","1010","74","3","0","-85","null","2018-06-11 17:43:57"
"1444","3","-21","1010","74","3","0","-87","null","2018-06-11 17:44:02"
"1445","3","-21","1010","74","3","0","-89","null","2018-06-11 17:44:07"
"1446","3","-21","1010","74","3","0","-91","null","2018-06-11 17:44:13"
"1447","3","-21","1010","74","3","0","-90","null","2018-06-11 17:44:24"
"1448","3","-21","1010","74","3","0","-91","null","2018-06-11 17:44:29"
"1449","3","-21","1010","74","3","0","-92","null","2018-06-11 17:44:34"
"1450","3","-21","1010","75","3","0","-94","null","2018-06-11 17:46:54"
"1451","3","-21","1010","75","3","0","-90","null","2018-06-11 17:47:04"
"1452","3","-21","1010","75","3","0","-91","null","2018-06-11 17:47:09"
"1453","3","-21","1010","75","3","0","-86","null","2018-06-11 17:47:14"
"1454","3","-21","1010","75","3","0","-87","null","2018-06-11 17:47:19"
"1455","3","-20","1010","75","3","0","-88","null","2018-06-11 17:47:29"
"1456","3","-20","1010","75","3","0","-91","null","2018-06-11 17:47:39"
"1457","3","-20","1010","75","3","0","-89","null","2018-06-11 17:47:49"
"1458","3","-20","1010","75","3","0","-88","null","2018-06-11 17:47:54"
"1459","3","-20","1010","75","3","0","-93","null","2018-06-11 17:48:00"
"1460","3","-20","1010","75","3","0","-87","null","2018-06-11 17:48:05"
"1461","3","-20","1010","75","3","0","-88","null","2018-06-11 17:48:36"
"1462","3","-20","1010","75","3","0","-98","null","2018-06-11 17:49:31"
"1463","3","-20","1010","75","3","0","-88","null","2018-06-11 17:49:36"
"1464","3","-20","1010","75","3","0","-91","null","2018-06-11 17:49:51"
"1465","3","-20","1010","75","3","0","-93","null","2018-06-11 17:49:56"
"1466","3","-20","1010","75","3","0","-90","null","2018-06-11 17:50:00"
"1467","3","-20","1010","75","3","0","-92","null","2018-06-11 17:50:06"
"1468","3","-20","1010","75","3","0","-91","null","2018-06-11 17:50:10"
"1469","3","-20","1010","75","3","0","-88","null","2018-06-11 17:50:14"
"1470","3","-20","1010","75","3","0","-88","null","2018-06-11 17:50:21"
"1471","3","-20","1010","75","3","0","-94","null","2018-06-11 17:50:34"
"1472","3","-20","1010","75","3","0","-91","null","2018-06-11 17:50:39"
"1473","3","-20","1010","75","3","0","-92","null","2018-06-11 17:50:44"
"1474","3","-20","1010","75","3","0","-93","null","2018-06-11 17:50:49"
"1475","3","-21","1014","66","3","0","-86","null","2018-06-15 11:23:52"
"1476","3","-21","1014","66","3","0","-88","null","2018-06-15 11:24:02"
"1477","3","-21","1014","66","3","0","-88","null","2018-06-15 11:24:08"
"1478","3","-21","1014","66","3","0","-89","null","2018-06-15 11:24:17"
"1479","3","-21","1014","66","3","0","-85","null","2018-06-15 11:24:27"
"1480","3","-21","1014","66","3","0","-82","null","2018-06-15 11:24:39"
"1481","3","-21","1014","66","3","0","-85","null","2018-06-15 11:24:45"
"1482","3","-21","1014","66","3","0","-82","null","2018-06-15 11:24:49"
"1483","3","-21","1014","66","3","0","-85","null","2018-06-15 11:24:55"
"1484","3","-21","1014","66","3","0","-85","null","2018-06-15 11:25:06"
"1485","3","-21","1014","66","3","0","-83","null","2018-06-15 11:25:16"
"1486","3","-21","1014","66","3","0","-85","null","2018-06-15 11:25:25"
"1487","3","-21","1014","66","3","0","-84","null","2018-06-15 11:25:26"
"1488","3","-21","1014","66","3","0","-80","null","2018-06-15 11:25:31"
"1489","3","-21","1014","66","3","0","-85","null","2018-06-15 11:25:38"
"1490","3","-21","1014","66","3","0","-81","null","2018-06-15 11:25:47"
"1491","3","-21","1014","66","3","0","-81","null","2018-06-15 11:25:52"
"1492","3","-21","1014","66","3","0","-87","null","2018-06-15 11:26:02"
"1493","3","-21","1014","66","3","0","-82","null","2018-06-15 11:26:07"
"1494","3","-21","1014","66","3","0","-86","null","2018-06-15 11:26:17"
"1495","3","-21","1014","66","3","0","-83","null","2018-06-15 11:26:22"
"1496","3","-21","1014","66","3","0","-95","null","2018-06-15 11:26:27"
"1497","3","-21","1014","66","3","0","-87","null","2018-06-15 11:26:30"
"1498","3","-21","1014","65","3","0","-86","null","2018-06-15 11:26:38"
"1499","3","-21","1014","65","3","0","-97","null","2018-06-15 11:26:43"
"1500","3","-21","1014","65","3","0","-86","null","2018-06-15 11:26:48"
"1501","3","-21","1014","65","3","0","-87","null","2018-06-15 11:26:59"
"1502","3","-21","1014","65","3","0","-82","null","2018-06-15 11:27:04"
"1503","3","-21","1014","65","3","0","-79","null","2018-06-15 11:27:09"
"1504","3","-21","1014","65","3","0","-81","null","2018-06-15 11:27:20"
"1505","3","-21","1014","65","3","0","-90","null","2018-06-15 11:27:25"
"1506","3","-22","1014","68","3","0","-82","null","2018-06-15 11:40:47"
"1507","3","-22","1014","68","3","0","-87","null","2018-06-15 11:40:58"
"1508","3","-22","1014","68","3","0","-82","null","2018-06-15 11:41:02"
"1509","3","-22","1014","68","3","0","-91","null","2018-06-15 11:41:07"
"1510","3","-22","1014","68","3","0","-92","null","2018-06-15 11:41:18"
"1511","3","-22","1014","68","3","0","-88","null","2018-06-15 11:41:23"
"1512","3","-22","1013","69","3","0","-95","null","2018-06-15 13:05:34"
"1513","3","-22","1013","69","3","0","-91","null","2018-06-15 13:05:44"
"1514","3","-22","1013","69","3","0","-88","null","2018-06-15 13:06:05"
"1515","3","-22","1013","69","3","0","-83","null","2018-06-15 13:06:11"
"1516","3","-22","1013","69","3","0","-88","null","2018-06-15 13:06:15"
"1517","3","-22","1013","69","3","0","-92","null","2018-06-15 13:06:21"
"1518","3","-22","1013","69","3","0","-85","null","2018-06-15 13:06:25"
"1519","3","-22","1013","70","3","0","-91","null","2018-06-15 13:06:31"
"1520","3","-22","1013","70","3","0","-96","null","2018-06-15 13:06:51"
"1521","3","-22","1013","70","3","0","-87","null","2018-06-15 13:06:55"
"1522","3","-22","1013","70","3","0","-89","null","2018-06-15 13:07:00"
"1523","3","-22","1013","70","3","0","-91","null","2018-06-15 13:07:04"
"1524","3","-22","1013","70","3","0","-88","null","2018-06-15 13:07:10"
"1525","3","-22","1013","70","3","0","-94","null","2018-06-15 13:07:15"
"1526","3","-22","1013","70","3","0","-84","null","2018-06-15 13:07:55"
"1527","3","-22","1013","70","3","0","-88","null","2018-06-15 13:07:59"
"1528","3","-22","1013","70","3","0","-94","null","2018-06-15 13:08:05"
"1529","3","-22","1013","70","3","0","-88","null","2018-06-15 13:09:10"
"1530","3","-22","1013","70","3","0","-90","null","2018-06-15 13:09:15"
"1531","3","-22","1013","70","3","0","-91","null","2018-06-15 13:09:20"
"1532","3","-22","1013","70","3","0","-88","null","2018-06-15 13:09:23"
"1533","3","-22","1013","70","3","0","-88","null","2018-06-15 13:09:28"
"1534","3","-22","1013","70","3","0","-91","null","2018-06-15 13:09:33"
"1535","3","-22","1013","70","3","0","-84","null","2018-06-15 13:09:38"
"1536","3","-22","1013","70","3","0","-90","null","2018-06-15 13:09:44"
"1537","3","-22","1013","70","3","0","-85","null","2018-06-15 13:09:48"
"1538","3","-22","1013","70","3","0","-82","null","2018-06-15 13:09:54"
"1539","3","-22","1013","70","3","0","-89","null","2018-06-15 13:10:04"
"1540","3","-22","1013","70","3","0","-85","null","2018-06-15 13:10:09"
"1541","3","-22","1013","70","3","0","-88","null","2018-06-15 13:10:16"
"1542","3","-22","1013","70","3","0","-87","null","2018-06-15 13:10:22"
"1543","3","-22","1013","70","3","0","-91","null","2018-06-15 13:10:27"
"1544","3","-22","1013","70","3","0","-94","null","2018-06-15 13:10:31"
"1545","3","-22","1013","70","3","0","-87","null","2018-06-15 13:10:37"
"1546","3","-22","1013","70","3","0","-90","null","2018-06-15 13:10:42"
"1547","3","-22","1013","70","3","0","-89","null","2018-06-15 13:10:47"
"1548","3","-22","1013","71","3","0","-87","null","2018-06-15 13:10:52"
"1549","3","-22","1013","71","3","0","-88","null","2018-06-15 13:10:57"
"1550","3","-22","1013","71","3","0","-93","null","2018-06-15 13:11:03"
"1551","3","-22","1013","71","3","0","-83","null","2018-06-15 13:11:09"
"1552","3","-22","1013","71","3","0","-91","null","2018-06-15 13:11:14"
"1553","3","-22","1013","71","3","0","-88","null","2018-06-15 13:11:26"
"1554","3","-22","1013","71","3","0","-91","null","2018-06-15 13:11:31"
"1555","3","-22","1013","71","3","0","-88","null","2018-06-15 13:11:36"
"1556","3","-22","1013","71","3","0","-88","null","2018-06-15 13:11:42"
"1557","3","-22","1013","71","3","0","-88","null","2018-06-15 13:11:46"
"1558","3","-22","1013","71","3","0","-85","null","2018-06-15 13:11:52"
"1559","3","-22","1013","71","3","0","-83","null","2018-06-15 13:11:56"
"1560","3","-22","1013","71","3","0","-88","null","2018-06-15 13:12:06"
"1561","3","-22","1013","71","3","0","-92","null","2018-06-15 13:12:16"
"1562","3","-22","1013","71","3","0","-87","null","2018-06-15 13:12:27"
